customer_id,age,tenure,balance,num_products,has_credit_card,is_active_member,estimated_salary,churn
1,56,3,1763,1,1,1,30750.896523176427,0
2,69,3,42,3,0,1,37426.28420165703,1
3,46,9,943,3,1,0,94244.15294179815,0
4,32,7,2390,3,1,0,97928.59757377981,0
5,60,5,1349,3,1,0,120174.35333512124,0
6,25,7,2411,1,1,0,45835.83835487541,0
7,38,9,890,3,1,0,91581.97005081346,0
8,56,1,2474,1,1,1,53333.71733180263,0
9,36,7,1004,3,0,1,41183.53434752336,0
10,40,6,20,2,0,1,79259.49528726656,0
11,28,9,406,3,0,1,49600.39777068687,0
12,28,1,1014,3,1,1,56613.83738307824,0
13,41,4,335,1,0,1,68106.54958434022,0
14,53,9,1838,3,1,0,61126.608089183545,0
15,57,4,1147,2,1,1,40510.95568871357,0
16,41,3,2446,1,1,1,40789.949383164276,1
17,20,9,1827,1,0,1,53189.92982810018,1
18,39,2,714,3,1,1,36067.10255514467,0
19,19,4,50,1,1,0,105174.84236123126,0
20,41,6,323,1,0,0,64479.20598106823,1
21,61,2,788,1,0,1,63569.516132288525,0
22,47,8,140,1,1,0,69839.79530853181,0
23,55,8,469,1,1,0,109535.5529051666,1
24,19,1,786,1,0,1,134476.06577801885,0
25,38,3,1825,2,0,1,121090.4319066766,0
26,50,9,1357,3,0,1,117303.5076270114,0
27,29,5,1916,2,1,1,88126.94227210191,0
28,39,6,963,1,0,1,113256.66683608941,1
29,61,4,372,1,0,0,96331.48416402997,0
30,42,2,1692,3,0,1,55950.063382383465,0
31,66,8,1179,2,1,1,55030.60412892609,0
32,44,6,2338,3,0,1,65567.04082503401,0
33,59,5,1671,2,0,0,139296.32051637757,0
34,45,9,105,1,0,1,95689.7808455671,0
35,33,1,1443,3,0,1,118068.64524022433,1
36,32,5,1681,3,0,1,71587.0511779857,0
37,64,6,1,1,1,0,78925.89247982703,0
38,68,5,2137,3,1,1,45067.869436470166,0
39,61,6,349,2,1,1,50555.39493860044,0
40,69,6,1286,2,0,1,129282.78657913746,1
41,20,7,1062,2,1,0,100180.63580266584,0
42,54,4,2206,2,1,1,70503.89590605827,0
43,68,8,2359,1,1,1,126342.14507946551,0
44,24,7,444,3,0,1,59582.38867655796,0
45,38,9,2345,2,0,0,147123.92383202445,0
46,26,7,951,1,1,1,71378.11292954037,0
47,56,3,35,3,1,1,70477.31449814732,0
48,35,3,1107,3,0,1,67429.42866440464,1
49,21,8,1475,1,0,0,44653.381910914555,0
50,42,5,1798,1,1,0,43336.45767984149,1
51,31,4,1845,2,0,1,107772.6041440948,0
52,67,8,1408,3,1,0,135014.16534696566,0
53,26,6,1195,3,0,0,124862.46123260082,0
54,43,2,1399,1,1,0,46932.91128256213,0
55,19,4,1708,3,1,1,95469.85461504798,0
56,37,4,1385,2,0,1,42670.9855171968,0
57,45,6,2188,3,1,0,35435.357233569295,0
58,64,6,1300,1,1,0,108766.30312617208,1
59,24,1,1243,1,1,0,94218.28004164204,0
60,61,8,520,2,0,1,39842.8422253765,0
61,25,6,1806,2,0,1,34192.709568718616,1
62,64,3,9,3,0,0,148770.76960912015,0
63,52,9,983,3,1,0,33602.55985788863,0
64,31,2,2425,1,0,0,83343.39036601916,0
65,34,8,1656,2,1,0,90554.28295292347,0
66,53,3,1660,2,1,1,44073.617736053406,0
67,67,5,2199,2,0,0,50287.41341276595,1
68,57,6,719,3,0,1,72216.6007692423,0
69,21,6,1072,2,1,0,121401.1051456395,0
70,19,4,858,1,1,0,90849.890887232,0
71,23,3,1316,1,0,0,106548.22494635539,0
72,59,4,1603,3,0,0,148220.94661088096,0
73,21,1,49,3,0,0,122160.65223758516,0
74,46,4,145,2,1,1,82123.37977694612,0
75,35,1,914,3,1,0,83573.03061558586,0
76,43,1,1462,1,1,0,104252.6492449206,0
77,61,6,2289,2,1,0,109843.82501026853,0
78,51,5,580,1,1,1,90085.31110040055,0
79,27,4,1584,2,0,1,107383.34673779759,0
80,53,3,482,3,0,1,32823.89932969185,0
81,31,1,1249,2,1,1,81554.7436676213,1
82,48,6,672,2,1,0,63472.56912881721,0
83,65,2,630,1,0,0,45500.933429173245,0
84,32,8,661,1,0,0,41945.58153705302,0
85,25,5,2466,2,0,1,102383.0598737601,0
86,31,7,987,3,0,0,92832.0656583134,1
87,40,2,1546,3,1,0,60430.0940395643,0
88,57,8,649,1,0,1,86514.00705270174,1
89,38,2,968,3,1,1,89067.877821889,0
90,33,4,1100,1,0,1,53401.077652633896,0
91,62,1,440,3,0,0,108251.16742579808,1
92,35,5,920,2,0,0,123710.32276633085,0
93,64,9,769,1,1,1,124975.62490674228,0
94,41,1,1343,1,1,0,102296.37968441461,0
95,43,9,1826,2,0,1,91396.62990228168,1
96,42,8,262,1,1,1,37320.857160647385,1
97,62,6,1577,3,1,0,64539.7558621927,0
98,58,7,998,3,0,1,41192.57361338039,1
99,46,3,699,1,0,1,145658.77930541686,0
100,32,1,2349,3,1,1,46209.617547091286,0
101,62,5,1603,1,1,0,48213.04918213225,0
102,18,2,1241,2,1,1,136749.19419965905,0
103,42,5,1125,1,0,1,143271.39401717496,0
104,24,8,2335,2,0,1,121899.48470818918,0
105,26,9,1190,3,1,1,30648.590840720386,0
106,41,2,1005,2,0,1,30161.552514787643,0
107,18,3,35,3,0,1,75372.0923744941,0
108,61,3,743,1,1,1,47207.444401307104,0
109,25,1,1764,3,1,0,32206.337058191675,0
110,41,8,352,1,0,0,85688.00272854057,0
111,28,6,1922,1,0,1,143167.4276888366,0
112,68,8,72,2,1,0,68858.34898829178,0
113,34,9,1376,2,0,0,109336.88141144358,1
114,25,5,1914,2,0,1,108268.24237589289,0
115,52,3,1093,2,1,0,60129.612439820135,0
116,52,5,2472,3,1,1,108051.02985886372,1
117,50,5,707,3,0,1,55480.07691442695,0
118,22,5,1804,3,0,1,44640.88962922669,1
119,59,3,955,1,0,1,114165.99426716281,0
120,56,4,2475,3,1,1,43612.89805247001,0
121,58,9,159,3,0,0,149629.10623072262,0
122,45,9,2196,3,0,1,52014.28813802752,0
123,24,2,1735,2,1,0,101297.02353077491,0
124,26,8,1585,3,1,1,79364.94856951071,0
125,25,8,66,1,0,1,45166.37068868005,0
126,29,7,2428,2,1,1,33341.26890928961,1
127,51,8,57,1,1,0,104727.87387514,0
128,50,3,341,3,0,1,126810.90765469514,0
129,65,6,1153,2,1,1,131041.87938080927,0
130,40,1,1195,1,1,1,87925.61676923213,0
131,41,7,1232,3,0,1,123294.65606188627,1
132,54,1,2401,1,1,0,110741.65601862536,0
133,52,9,1494,1,0,1,116910.54329989599,0
134,61,1,1821,1,0,0,89111.8806266177,0
135,57,1,115,3,1,1,106009.40882905525,0
136,39,7,661,3,1,0,126663.10962912683,1
137,44,2,1465,1,1,0,77746.10106684276,0
138,52,5,1868,2,0,1,126717.46810411004,0
139,18,8,2334,2,1,1,101042.02113468754,1
140,52,8,1016,3,0,0,49908.12292449435,1
141,54,3,310,3,1,1,32962.09886695015,0
142,64,7,207,3,1,1,73530.43204789824,0
143,31,3,2493,3,1,1,95603.55939556078,0
144,20,6,632,3,0,0,130778.44226441861,0
145,18,6,2102,2,1,1,45298.28161682954,1
146,22,3,656,3,1,1,126024.76172202949,0
147,43,7,1423,1,0,1,133561.08552806725,0
148,31,3,1931,1,0,0,48082.498440100055,0
149,56,8,1679,2,1,1,132191.31831650628,0
150,44,4,236,1,1,0,148974.42814113502,0
151,26,1,347,2,1,1,117220.6597257885,0
152,32,4,629,2,0,0,124172.36181899856,0
153,32,7,1540,1,0,1,149329.8321070648,0
154,43,4,2003,3,0,1,102657.75006311345,0
155,59,6,1271,1,0,0,66946.36584194993,0
156,30,9,363,1,1,0,130503.70008912668,0
157,68,1,2368,2,0,0,103738.29330139575,0
158,49,5,285,1,0,1,99743.45084651478,0
159,56,7,148,2,0,1,60436.266661684596,0
160,66,1,1107,3,1,1,120760.1123499464,0
161,69,4,2453,3,1,1,39800.07310321155,0
162,49,6,455,3,0,0,140914.44849535933,0
163,21,2,1766,1,0,1,69098.81529245817,1
164,47,5,799,2,1,1,45332.95833479885,0
165,54,1,1184,3,1,1,83083.98397229025,0
166,40,6,1012,2,1,1,35096.38911078398,1
167,56,6,1523,2,1,1,112155.14331179595,0
168,62,4,480,3,1,1,138324.66125344275,0
169,32,8,1686,3,1,1,130471.56085662106,0
170,60,4,2161,2,1,0,45284.33681374573,1
171,46,8,1601,3,1,1,45152.53645292782,0
172,53,8,2408,2,0,1,127612.13787891169,0
173,30,5,340,2,0,1,140910.51295237392,0
174,49,4,2010,3,0,1,85280.37958001869,1
175,24,2,2496,1,0,0,89876.53402965191,0
176,68,3,1866,3,0,0,68191.4449662871,0
177,39,3,834,1,0,0,137311.81419076968,0
178,45,4,1203,2,1,0,107388.34863508272,0
179,19,4,1725,2,1,0,64590.18926008422,0
180,59,5,1689,1,0,0,65853.9445265102,0
181,62,4,310,2,0,1,136944.0087676323,1
182,23,8,261,1,1,0,31636.082868698577,0
183,45,6,1442,1,1,0,68727.18872719661,0
184,45,6,405,2,1,1,96522.80174596429,0
185,61,8,2190,1,0,0,47786.095451918954,0
186,61,7,341,3,1,1,41051.85050395077,0
187,37,8,1339,3,0,1,127833.15973086719,0
188,47,2,243,2,0,0,137328.52663782088,0
189,28,9,489,2,1,1,128832.77049578274,0
190,45,1,11,1,1,0,137854.54676848173,0
191,42,8,560,1,0,0,96373.43652700458,1
192,56,4,41,1,1,1,127470.97451884103,1
193,50,4,593,1,1,1,76085.11660693205,0
194,18,5,1452,3,0,0,109952.14337748462,0
195,44,8,1826,3,1,1,148660.26376669973,0
196,69,5,1693,2,0,1,57087.32686069529,1
197,30,8,133,1,0,0,76787.96955492967,0
198,58,1,947,1,1,0,87605.68527721027,1
199,20,9,72,2,0,1,46561.85844240621,0
200,56,6,398,1,0,0,39724.63325580681,1
201,23,3,1428,1,1,0,129566.74395859493,1
202,25,8,129,1,1,0,147215.32473931034,1
203,44,9,1811,1,1,0,78567.00765955905,0
204,26,6,2001,1,0,0,40517.980343358395,0
205,54,7,265,2,0,0,37897.41128286918,0
206,50,1,1560,1,1,0,136958.18476323585,0
207,68,5,1985,2,0,1,85657.7099673216,0
208,59,5,792,1,1,0,68403.27798748703,0
209,61,4,2300,3,1,1,87175.35254872794,0
210,41,6,1312,3,0,1,68196.49136308167,0
211,32,7,163,3,1,1,88684.2930369144,0
212,49,9,94,3,0,0,133146.7676301524,0
213,49,1,1805,2,0,0,101076.16452745149,1
214,41,6,1133,2,1,1,113358.45273722104,0
215,58,7,2383,1,0,0,73760.4811481204,0
216,69,3,821,3,1,1,118620.70542126225,0
217,66,8,237,2,0,0,109994.05018552468,1
218,66,5,2428,1,0,0,44347.43973024677,0
219,69,9,1960,1,0,1,98717.14237387016,0
220,29,5,1048,2,1,1,60809.21955717096,0
221,56,9,1676,3,0,1,126491.48035603114,0
222,19,4,963,1,1,0,81112.52501603274,0
223,20,9,536,3,0,1,149362.09982357846,1
224,66,5,1603,3,0,0,41100.052552675654,1
225,54,9,1979,3,1,0,123641.74352881903,0
226,66,3,127,1,1,0,110844.20802505878,0
227,34,4,91,3,1,1,122099.85967088466,0
228,66,9,542,1,1,1,66903.57545885476,0
229,19,6,845,3,1,1,89046.53872588807,0
230,19,2,1681,1,0,0,125581.022366845,0
231,45,7,1851,3,0,0,57904.9597945026,1
232,40,2,2494,2,1,1,57123.98361463825,1
233,54,2,389,3,0,0,96126.11439539188,0
234,49,1,1884,3,0,0,92827.62954358269,0
235,50,3,42,1,0,1,63871.49644955194,0
236,18,6,253,1,1,1,65769.07806297873,0
237,36,8,1083,3,0,1,63341.41958478786,0
238,19,9,2334,2,0,0,122581.44743981851,0
239,61,7,1540,2,0,0,108228.10386749527,1
240,43,4,1953,1,1,0,129890.06200923033,0
241,49,6,2392,2,0,0,147056.76339768263,0
242,23,5,641,3,0,0,86899.71555263837,0
243,49,8,2429,1,1,1,38003.26576865386,0
244,21,1,689,3,1,0,35771.07724944425,0
245,28,1,1276,1,0,0,65479.8047125943,0
246,34,6,1950,1,0,0,141905.35072229413,0
247,55,2,1079,1,1,1,92785.56659650498,0
248,41,5,1486,1,1,1,62614.3819296155,0
249,22,1,456,2,1,1,77900.01534132235,1
250,69,7,982,3,1,0,101831.4128885605,0
251,51,1,2130,3,1,1,108353.95897654106,0
252,23,4,1122,3,1,1,48470.341173948604,0
253,39,9,148,1,1,1,147243.80118542112,0
254,28,1,1352,2,0,0,95372.66723793466,0
255,65,4,1179,3,1,1,46282.59813507352,1
256,33,6,189,2,1,0,137236.23040153604,1
257,50,6,882,1,0,0,38956.611729531454,0
258,26,8,2310,3,1,1,138928.25198130152,0
259,23,1,399,2,1,0,149587.8787546779,0
260,33,7,608,1,0,1,114051.81589878046,0
261,46,1,1795,2,1,0,122453.66652887878,0
262,20,7,1638,3,0,1,70476.34037609836,0
263,37,3,1575,3,0,1,142989.22232807206,0
264,53,8,2148,1,0,1,93565.67593300412,0
265,36,3,1382,1,0,0,117886.61359170658,0
266,43,1,1403,1,1,1,140892.92590935354,1
267,20,8,819,2,0,0,147021.597117061,0
268,36,3,819,2,0,1,129984.52279160092,0
269,37,2,419,2,1,0,66362.10083784361,0
270,49,1,123,1,0,0,145985.7019862499,0
271,24,3,421,3,0,1,105374.34374922862,0
272,69,2,1508,3,0,1,141677.09716223518,0
273,58,2,1597,2,0,1,111132.60309772223,1
274,50,6,767,2,1,1,66868.67542172645,0
275,57,1,2044,3,0,1,74402.94289713792,0
276,56,2,2202,3,1,0,96056.61325235286,0
277,35,6,2139,2,1,1,124801.78098718583,0
278,57,3,1549,2,0,1,68157.90616084018,0
279,18,4,1764,3,0,0,99567.73993610305,1
280,28,1,2044,1,0,1,71474.99922916818,0
281,45,8,509,2,0,1,127892.32855621286,0
282,42,7,1206,3,1,0,86007.37125215406,0
283,67,7,385,3,1,1,39206.73922234622,0
284,40,3,1597,3,1,1,49926.302577784365,1
285,48,3,2452,3,0,1,37332.560114355874,1
286,47,2,2293,1,1,0,89916.35352171902,0
287,59,1,741,3,0,1,42760.47568178726,0
288,52,7,1911,2,0,0,43696.79631715585,0
289,24,7,1446,1,0,1,142925.79120460525,0
290,33,2,900,3,0,0,134718.60866112664,1
291,43,7,2112,1,0,1,84250.39161736392,0
292,65,8,2260,2,1,0,148296.6385020247,0
293,69,1,2009,3,1,0,30022.383380479572,0
294,66,9,241,2,0,0,103677.53475280726,1
295,19,7,2385,3,1,0,103971.38128462441,0
296,18,3,2020,3,0,0,84893.16670438659,0
297,65,8,172,3,0,0,77633.75675211515,0
298,29,7,671,3,0,1,84645.97625767291,1
299,22,8,163,3,1,1,79795.25232956166,0
300,54,6,464,1,0,0,117659.09729787592,0
301,49,9,496,3,0,0,46242.652196794086,0
302,26,5,699,3,1,0,53716.70647093562,0
303,58,3,2442,1,1,0,51662.18740709083,0
304,52,3,702,1,1,1,61496.470214551744,1
305,36,1,1940,1,0,0,93031.01025379,0
306,65,8,2355,1,0,1,43345.04968058625,0
307,33,2,1791,1,1,1,134180.3154391805,0
308,20,3,182,1,0,0,65683.38375701668,0
309,37,8,628,3,1,0,49504.55849624494,1
310,41,8,1731,3,1,1,111074.5571517892,0
311,50,4,545,2,0,1,34570.356071918315,0
312,41,4,1587,3,0,0,104396.2277848997,0
313,69,5,623,3,1,0,113783.81168117997,0
314,28,6,593,1,1,0,55789.9837664063,0
315,66,5,743,1,1,1,35035.68881323611,0
316,25,7,1768,3,1,1,73637.44307033395,0
317,53,2,1459,2,0,0,41831.30762903238,0
318,55,7,1948,1,1,1,43977.34196080045,0
319,57,7,2068,3,1,1,60511.34777338375,0
320,37,1,2444,3,1,0,65456.15095521112,1
321,52,7,104,2,0,0,93596.44092257047,0
322,65,5,2239,2,0,1,111407.02626036157,0
323,42,3,16,1,1,1,101132.51290442217,0
324,52,3,392,2,0,0,47803.24047474202,0
325,42,4,424,3,0,0,50650.323894315174,0
326,46,2,2176,3,0,0,135452.30997514975,0
327,35,2,571,2,1,0,97002.27780769364,0
328,63,1,2076,2,1,0,134392.5399477227,1
329,35,5,1120,2,0,1,74585.58135838492,0
330,19,4,241,2,1,1,103728.00089175886,0
331,52,2,2279,1,1,1,92839.6099265533,0
332,33,3,788,2,0,1,68294.8187784555,0
333,58,7,714,1,0,0,86389.84464403144,0
334,53,7,758,3,1,0,90298.90521923185,0
335,50,4,775,2,0,0,54092.51697080143,0
336,21,5,2247,1,1,1,67801.24468520778,1
337,50,5,78,2,1,1,124969.17006083707,0
338,31,6,855,3,0,1,139894.58873449525,0
339,38,9,1439,3,1,0,73175.29122543594,1
340,65,2,2496,3,1,1,66836.67386508218,0
341,37,5,2134,2,0,0,53423.6597486259,0
342,25,3,2148,2,0,0,111418.94023806974,1
343,24,4,1031,1,0,0,68771.96419996046,0
344,20,6,844,3,1,0,148529.9446919026,1
345,34,8,86,2,0,0,69082.17624767439,0
346,50,1,2090,3,0,0,77296.32561391537,0
347,65,8,407,3,0,1,102400.10354544417,1
348,29,7,1668,1,0,0,126202.1151829566,0
349,68,1,147,1,1,0,86342.23984147605,0
350,39,2,2324,1,1,1,80718.724054675,0
351,39,3,231,1,0,0,149476.540031377,1
352,63,1,1950,3,1,1,31259.23693679333,1
353,47,9,365,1,0,1,137407.8346621495,0
354,55,8,1674,1,0,1,47896.89911276849,0
355,55,2,435,1,1,0,124311.03314506961,1
356,62,9,398,1,1,0,104151.78718155576,0
357,68,7,1234,3,0,1,71021.67425977104,0
358,25,9,1414,1,0,0,134864.99466252222,0
359,44,6,562,3,1,0,31548.86735771904,0
360,44,6,2489,2,0,1,57202.87824899084,0
361,51,4,1284,3,1,1,98027.13554994433,0
362,38,2,772,3,0,0,72185.07120596376,0
363,47,7,2397,1,0,1,103245.29943819932,1
364,50,5,2037,2,1,1,32893.22320904002,0
365,45,6,1343,2,1,1,43975.0716578055,0
366,64,2,2185,2,1,0,45251.54882621271,0
367,50,5,1573,2,1,0,52714.03750992113,0
368,22,4,991,3,1,0,85119.77289606514,0
369,65,9,2415,2,1,1,120255.44394522854,0
370,36,6,1246,3,1,0,138664.66055146814,0
371,21,2,359,3,0,1,130244.70363410952,1
372,52,1,920,3,0,0,53626.54461308203,0
373,66,5,2376,2,0,0,82938.0662676759,0
374,34,9,962,1,1,1,53929.391731024196,0
375,61,6,1827,1,1,0,61736.618000062896,1
376,45,7,1613,2,1,1,90425.63778142634,0
377,47,5,1640,1,0,0,38173.0829668227,0
378,46,6,2216,1,1,0,56180.91955119278,0
379,63,5,216,3,1,1,142245.37935685407,0
380,23,9,377,3,0,1,85933.95511901868,0
381,52,6,118,2,1,1,83446.38311734467,0
382,58,8,189,2,0,0,31748.05857015347,1
383,54,2,369,1,0,0,59687.96964700149,1
384,41,9,1801,3,1,0,133955.09231786174,0
385,46,5,2196,2,1,1,49755.41139104025,1
386,66,7,651,2,1,1,79814.99274416652,0
387,63,1,1882,2,0,1,31719.70870404015,0
388,48,5,1511,2,0,0,87400.2578004667,0
389,52,2,769,2,0,0,32522.532807146057,0
390,50,6,2421,2,1,1,128353.14636789598,1
391,69,1,780,1,1,0,128982.45209845243,0
392,38,3,1716,3,1,1,124529.06259628438,0
393,49,5,2207,3,1,0,64003.68826693419,0
394,40,4,2398,2,0,0,130468.46618661817,0
395,50,3,1311,3,0,1,95159.77591263232,0
396,20,5,1249,3,0,0,74856.9730640403,0
397,35,8,522,3,0,0,105039.59516450796,0
398,42,4,521,2,1,1,31480.92552724488,1
399,59,1,782,2,1,1,47155.30531209026,1
400,48,7,2320,3,1,0,119075.22458043153,0
401,20,8,935,3,0,1,59299.393045938355,1
402,57,3,2230,2,0,0,101761.09407944995,0
403,63,6,1688,1,1,1,76212.31233876356,0
404,41,2,487,3,1,0,132576.69345591136,0
405,67,7,1850,1,0,0,144289.83671959722,0
406,49,8,845,3,1,1,136027.76740442286,0
407,64,6,2171,1,0,0,62474.3993632316,0
408,39,6,2461,1,0,0,53299.544285529875,0
409,40,5,2003,1,0,1,86932.1872344882,0
410,19,8,1748,2,1,1,30880.098100341635,0
411,44,1,685,1,1,0,33097.127143581805,0
412,59,4,2160,1,0,1,96394.87675476001,0
413,19,4,2169,1,1,1,92453.92849983432,0
414,43,3,1567,3,0,0,149349.8386842312,0
415,34,3,1245,1,0,0,54221.02024365097,0
416,57,4,38,3,0,1,60972.47149925621,0
417,50,1,779,1,0,1,43624.8770791544,1
418,26,2,1256,1,1,1,140105.16115844937,0
419,60,9,2196,2,0,0,123337.34933501409,0
420,65,2,1927,3,0,0,128680.6933748217,0
421,56,5,301,1,1,0,138331.65455574106,1
422,46,9,2285,3,0,0,92987.99840710059,0
423,59,9,646,3,0,0,84143.18297408684,0
424,43,8,662,2,1,0,69646.97683987397,1
425,52,1,2283,2,1,0,100705.75372174266,0
426,67,1,1759,2,1,1,84513.4076147787,0
427,42,9,2250,2,0,1,84187.87039266902,0
428,41,8,255,2,1,0,142431.34364773665,0
429,30,9,597,2,1,0,148083.7817134956,0
430,24,7,661,2,0,0,125578.12671954969,0
431,53,3,234,2,0,1,120810.97082963139,0
432,62,3,1368,1,0,0,111666.97941349217,0
433,37,2,769,3,0,1,49928.98228002165,0
434,18,5,212,2,0,1,37092.698505078544,0
435,25,3,462,2,1,1,112887.15781359158,0
436,63,6,2483,3,1,1,117454.34667078912,1
437,33,2,282,1,1,1,35636.75893177678,0
438,31,3,1486,3,0,0,141366.21002746176,1
439,29,5,1430,3,0,0,40936.87673336131,0
440,68,1,87,2,0,1,64308.06405254429,0
441,40,1,1067,3,1,0,110686.77753584454,0
442,32,9,460,3,1,1,50384.71132853716,0
443,45,7,2325,2,0,1,36649.90661306933,0
444,51,1,2468,2,1,0,69737.57869969797,0
445,19,8,1724,2,0,0,121916.58898262148,1
446,49,3,1376,2,1,0,79641.44147823124,0
447,40,8,514,3,1,0,108356.75062895272,0
448,39,5,702,3,1,0,99554.2916673764,0
449,68,1,1653,1,0,1,32666.21784306965,1
450,42,7,2066,1,1,0,148624.7984454848,0
451,39,5,22,3,1,0,34971.37065832653,0
452,39,6,2460,1,0,0,146136.32851781818,0
453,66,6,1053,3,1,1,95983.70140372778,0
454,69,8,1830,1,0,0,145579.08324780798,0
455,59,9,2155,2,0,1,43770.431929660255,0
456,23,2,1304,1,0,0,88849.02230226158,0
457,32,9,1134,2,0,0,50340.49102392704,0
458,60,9,2183,2,0,1,36116.98524269309,0
459,54,7,361,2,1,0,104103.49380747738,0
460,50,1,2176,2,0,0,54934.01051540297,1
461,25,7,1899,1,0,1,100523.64219450552,0
462,61,5,1284,3,0,0,43483.73783387827,0
463,61,6,514,2,0,1,69838.37657192434,0
464,22,7,448,1,1,1,123795.90696638967,0
465,56,5,1923,2,0,1,82446.18262106251,1
466,21,7,1506,1,1,1,105329.44978768037,0
467,23,9,1247,1,0,1,107694.95288946552,0
468,62,3,1855,1,1,0,131250.60527847524,0
469,49,8,873,3,0,0,68990.73532879696,1
470,69,2,1428,1,0,0,112475.46750990211,0
471,47,7,2349,1,1,1,145393.8968455399,0
472,64,2,2278,3,0,1,117629.20012294417,1
473,52,4,1754,3,1,1,88784.45720612934,0
474,57,7,922,1,0,1,105686.0933390315,0
475,69,3,2159,3,1,0,118761.94773157297,0
476,33,2,1036,2,0,0,103473.09188326469,0
477,30,7,1416,2,0,1,32001.0976187807,0
478,67,1,2281,3,1,1,53372.8197224671,0
479,59,8,313,3,0,0,127256.18606585592,1
480,47,3,2256,1,0,1,62718.077677498164,0
481,36,2,1997,3,0,1,117787.45434733607,0
482,34,3,1037,1,0,1,74654.42582900384,0
483,36,5,1656,2,0,0,92626.11937895318,0
484,45,8,1778,3,0,0,38156.795978328446,0
485,43,7,1014,1,1,1,51747.067325965145,0
486,54,7,1093,1,1,0,144863.63562230815,0
487,43,7,1124,2,1,1,136816.56641362968,0
488,40,8,697,3,0,1,108273.01330788602,1
489,26,1,2179,2,1,0,85157.35168628849,1
490,29,4,1404,1,0,1,111091.35514742686,0
491,18,6,1155,1,0,1,104233.23469127268,0
492,18,9,1043,3,0,0,98226.27067255345,0
493,64,2,1929,1,0,1,37101.24862362502,0
494,51,1,1013,3,1,1,105936.31327938083,0
495,49,2,226,2,0,1,122270.4053485402,0
496,65,7,1828,3,1,0,149289.79855746907,0
497,42,3,1492,3,0,1,31329.426311317162,0
498,57,2,821,1,1,0,117620.8143972812,0
499,62,7,2023,1,1,1,98614.71791231766,0
500,18,2,870,3,1,1,82086.26112971481,0
501,33,3,2452,1,1,1,45308.420948564504,0
502,56,7,2249,1,1,1,79090.21783618515,0
503,22,4,2085,1,1,0,72525.26195833622,0
504,39,1,1795,3,0,0,66339.58667744906,1
505,46,5,187,1,1,1,117705.55479866492,0
506,20,9,1080,3,0,1,114087.06255411166,0
507,29,8,940,1,1,1,100682.41091770939,0
508,43,9,2320,2,0,1,142639.77759520465,1
509,33,9,525,1,1,1,71982.52610170253,0
510,68,7,335,1,1,1,59256.232525221545,0
511,54,4,1078,3,0,1,108708.39757180795,1
512,39,5,161,3,1,1,53857.68731248836,1
513,46,1,593,1,1,0,67801.26086201095,1
514,31,1,1938,2,1,0,56952.29280898618,1
515,45,3,2206,1,0,0,38298.42812622015,1
516,22,8,59,1,1,1,129299.84899628081,0
517,64,2,1901,2,0,1,60544.86515059934,0
518,66,4,2258,3,1,1,86763.30040116247,0
519,47,2,405,1,1,0,35197.83279051744,0
520,63,5,663,3,0,1,113920.73595031718,0
521,69,9,1132,3,1,0,69667.32027675491,0
522,22,1,1099,2,1,1,119368.4073395052,0
523,29,5,541,2,0,0,79488.36725614395,0
524,33,9,1337,3,1,0,53490.67276867495,0
525,43,1,997,1,0,0,91581.0098738443,0
526,43,9,1140,3,0,1,45660.54715649277,0
527,65,8,867,1,0,0,82864.69918475937,0
528,38,4,2066,1,1,1,68076.65729045839,0
529,56,5,431,2,0,1,139435.150103956,0
530,53,5,739,1,0,1,37311.446606486395,0
531,50,6,1373,1,1,1,113282.08969268904,0
532,47,7,182,3,0,1,51930.13991849231,0
533,54,8,2160,2,1,0,68285.40891986879,0
534,40,8,1206,1,1,1,79861.68756744792,0
535,27,2,1169,1,1,1,138961.8107249969,1
536,22,9,830,2,1,1,59109.39192885902,0
537,53,7,1651,3,0,1,40957.05630536043,0
538,51,4,1136,2,0,1,68242.75247886282,0
539,69,4,475,2,0,0,42561.116464264,0
540,48,8,1326,1,0,0,45431.5783152663,0
541,27,4,970,1,0,1,98862.0717570032,0
542,36,6,1019,3,1,0,37308.231971939196,0
543,49,5,1141,1,0,0,33711.705767227926,0
544,18,3,1836,1,0,1,115729.69217645974,0
545,22,2,160,2,0,0,73397.65138092535,0
546,62,9,2448,1,1,1,45045.04190806479,0
547,21,9,197,3,1,0,60433.532503164985,1
548,33,1,1283,2,0,0,107050.38088228788,0
549,41,3,659,3,1,0,63064.38805690214,0
550,33,8,1775,2,0,1,89342.53501444895,0
551,19,6,1070,1,0,0,44603.43680720068,0
552,66,5,2010,2,1,0,100571.23651265363,0
553,45,5,398,2,1,1,67929.32206119169,0
554,49,6,1733,1,0,1,105236.21214344598,1
555,44,7,1582,1,0,0,127007.38587648275,0
556,37,1,2125,3,1,1,103397.57032679909,1
557,41,9,2171,3,0,0,65489.70751140248,0
558,29,3,74,1,1,0,60689.24418579605,1
559,67,4,2184,1,0,1,69290.51504801377,0
560,52,1,601,1,1,1,49754.46158838058,0
561,50,3,836,2,0,1,51740.62210200241,0
562,50,2,1528,2,0,0,124882.93222802014,0
563,68,2,499,2,1,1,76167.90918089339,1
564,60,1,1596,1,0,0,82319.4216684703,0
565,54,8,137,3,0,1,101285.93586801733,0
566,29,3,2097,1,1,0,100758.41941818572,0
567,20,3,1794,2,0,1,38085.22458263109,0
568,18,6,972,2,0,0,129784.89436051987,0
569,50,8,1642,1,0,1,51279.18638687273,0
570,57,9,1885,1,1,0,116768.59632596026,0
571,27,9,2301,2,1,1,122720.51857537999,1
572,60,4,2028,2,1,1,115787.94409095764,0
573,61,5,1900,2,0,0,99477.31758649742,0
574,46,2,1449,1,0,1,31753.079653065943,0
575,30,9,546,2,0,0,73245.05908358048,0
576,29,8,921,2,0,0,102580.73152350973,0
577,48,3,580,3,1,1,76494.15551070464,0
578,63,9,1372,1,0,0,133617.58738953757,0
579,19,3,1956,3,0,1,67056.27304195384,0
580,68,9,2003,3,0,1,65224.17509503925,1
581,67,2,2096,2,1,0,61919.72317111895,0
582,52,9,703,1,0,1,69933.70427529546,0
583,40,8,2308,2,0,0,96888.59571770247,1
584,34,9,2403,1,0,0,114841.8353127109,1
585,43,5,1625,3,0,1,109508.1501286542,0
586,25,2,637,1,0,1,126926.13839777755,0
587,46,8,1009,2,1,0,136309.679459691,0
588,43,6,640,2,0,0,127929.48508120215,1
589,27,8,1861,2,0,1,32273.44840492255,1
590,43,5,1205,1,0,1,118310.15442623865,0
591,51,2,685,3,0,1,55007.94883419979,0
592,68,6,1851,3,0,1,45951.36512495791,0
593,58,5,187,1,0,0,106618.65417589626,0
594,24,5,1619,2,0,1,68369.18344892339,0
595,21,1,1687,3,0,0,36854.05960445319,0
596,67,2,984,2,0,0,46515.56812780336,1
597,62,8,547,1,0,1,30111.530024395328,0
598,28,3,1431,2,1,0,138386.83528136488,0
599,46,3,875,3,1,1,32954.158060948634,0
600,53,8,617,3,1,0,55134.69234114133,0
601,42,8,2461,2,1,1,79951.53368254888,0
602,38,2,1365,1,0,0,72788.55911409829,0
603,53,8,1243,2,1,0,139407.1052295331,0
604,27,1,902,1,1,1,34834.673488145054,1
605,54,6,162,2,0,1,91465.76492124618,0
606,26,8,1974,3,1,0,111657.53550292487,0
607,41,3,269,1,1,0,141803.75684174025,0
608,52,8,631,1,0,1,104444.55025484652,0
609,66,1,905,1,0,0,126450.62832141152,0
610,52,9,2014,3,0,1,40046.99254144181,0
611,65,9,1641,2,1,0,76312.74131243129,0
612,53,5,204,3,1,1,74873.6561374881,0
613,35,4,581,1,0,0,136354.58597468614,0
614,66,6,1579,2,0,1,48164.54055159299,0
615,56,7,840,3,1,1,48226.34068039563,1
616,49,5,1836,1,0,0,69426.97798629582,1
617,41,9,1251,1,1,1,36535.925684020505,0
618,40,3,1719,3,0,0,51894.96487829881,0
619,49,7,1642,3,0,1,145825.15662548822,1
620,54,5,2297,3,1,1,81382.07278406074,0
621,29,7,874,1,0,1,105842.30501069238,0
622,66,2,1464,3,0,0,117133.35112135643,1
623,30,4,2243,1,0,1,74035.36884086406,0
624,40,2,689,3,1,0,47667.24892926204,1
625,42,7,2010,1,0,1,54789.7219466137,1
626,52,2,1422,1,0,0,67591.97718967324,0
627,58,1,2001,2,0,0,106328.21044226708,1
628,47,9,671,3,0,0,77793.66589068653,0
629,34,1,1171,3,0,1,30817.763748015375,0
630,66,8,1495,1,0,0,92808.86220809663,0
631,37,2,943,1,1,1,140581.60702889014,0
632,65,8,2246,1,1,0,127449.31332104148,0
633,42,3,1449,2,0,0,129025.36455115573,0
634,39,6,895,2,1,0,125406.96211273574,0
635,30,3,2189,1,1,0,68847.69907325084,0
636,36,7,1336,3,0,1,121823.26005052704,0
637,66,9,164,3,1,0,47179.36293734316,0
638,53,2,2361,2,1,0,108925.93767311441,1
639,29,5,2068,2,1,1,106988.22800219932,1
640,58,6,1105,1,1,0,33068.37589076816,0
641,36,4,1753,3,1,0,124556.41603091179,1
642,29,4,2352,1,1,0,138389.77261141565,0
643,26,4,1938,2,1,0,62089.833416652924,0
644,24,2,370,3,1,1,127486.88690233811,0
645,45,4,1880,3,0,1,39888.716623433786,0
646,31,1,852,2,0,0,101996.14299132793,1
647,48,6,383,1,1,1,88277.62384011326,0
648,69,1,1931,1,1,1,95510.82399708,0
649,36,6,2492,3,0,0,141144.6242261214,0
650,64,1,424,2,1,1,134557.8296696224,0
651,33,6,2208,3,1,0,124210.03886877085,0
652,22,8,628,2,0,1,62843.81492140452,0
653,52,2,894,1,0,1,139418.235442331,0
654,29,2,2374,2,0,1,41700.92309566503,0
655,42,4,597,1,1,0,132399.50598705455,0
656,69,3,2336,2,1,1,69379.20868243293,0
657,38,4,592,3,0,0,36452.677399438006,0
658,53,7,1687,1,0,0,110322.8381088898,0
659,40,1,572,3,1,1,57753.59139791466,0
660,33,6,2075,3,0,0,59228.53510375583,0
661,56,3,2090,1,1,1,66725.65994745257,0
662,62,7,1704,1,1,0,37642.17210030201,0
663,59,2,2470,3,0,0,51255.25730379048,1
664,56,2,176,3,0,1,30616.755310267235,0
665,31,4,528,3,1,1,83449.14253269442,0
666,48,1,1633,3,0,1,40110.64529015656,1
667,22,3,965,1,0,1,111918.31260530389,0
668,52,9,1517,1,0,0,58274.742142997806,0
669,40,7,197,3,0,0,143228.89728422125,0
670,46,7,852,2,1,0,134550.19528783832,0
671,60,4,1537,2,1,1,64732.907396184986,0
672,28,2,2069,1,1,0,123985.85455880145,1
673,35,4,1080,3,1,1,126389.38855977675,0
674,64,6,97,3,0,0,148387.57369372924,0
675,29,3,1903,1,0,1,101740.79842148219,1
676,26,1,434,2,1,0,39835.88815723946,1
677,27,8,636,2,1,0,107620.46747116571,0
678,61,5,587,2,0,1,104997.56980512422,0
679,34,5,343,1,1,0,106602.06929045181,1
680,55,4,1317,2,1,1,66857.47777250537,0
681,24,6,1979,1,0,0,133161.55020963994,0
682,63,3,570,1,1,0,145136.66195464943,1
683,30,9,610,3,0,1,56125.501557378186,0
684,57,5,1727,2,0,1,40578.25897639734,0
685,59,3,2290,1,1,0,53344.203980218095,0
686,26,1,1854,2,0,0,128466.25671068626,0
687,67,6,959,2,1,0,111197.3561783817,0
688,44,2,2079,3,0,0,106325.6810806952,0
689,19,3,2438,2,1,0,78215.17621313094,0
690,22,1,2324,3,1,0,99339.35658137228,0
691,46,9,531,1,1,1,66944.89503292409,0
692,54,8,1177,2,0,1,87264.00953015535,0
693,55,2,2430,1,0,1,125167.56340447871,0
694,36,8,1091,2,1,0,147748.99169465544,0
695,25,9,1901,1,0,0,141898.67083077622,0
696,65,1,883,2,1,0,142063.91314154986,0
697,62,5,2261,2,1,1,78266.84818165348,0
698,18,8,1678,2,0,1,86254.7856608149,1
699,39,2,2423,2,1,0,114676.24756427779,0
700,69,4,2260,2,0,0,140663.03136615411,0
701,34,7,2126,2,1,1,47039.31112225016,1
702,24,3,1749,2,0,1,66509.02365926349,0
703,42,5,781,2,1,1,46709.62135129314,0
704,62,8,2105,2,1,0,103441.02359513464,0
705,21,3,880,1,0,0,66756.11962650451,0
706,53,4,446,3,1,0,69132.94230150883,1
707,23,9,2113,2,1,1,38509.91513855751,0
708,48,7,1783,3,0,1,71975.52741691103,0
709,36,1,1277,2,1,0,133499.58088819025,0
710,61,4,1991,2,0,0,57968.737426900196,0
711,56,4,1067,1,1,1,113422.49594520788,0
712,44,9,1577,1,0,0,105555.40139263112,0
713,27,6,1011,3,1,1,133618.15300429385,0
714,43,9,2274,1,1,1,45874.55371812459,0
715,36,6,773,1,1,0,147310.7952414052,1
716,56,6,1814,3,0,1,99915.43752484387,1
717,20,5,2426,1,0,0,149456.89828161773,0
718,62,5,1201,2,0,1,139381.7671039021,0
719,30,2,1450,3,0,1,56582.07265357269,0
720,67,8,306,3,1,0,36739.44118839757,0
721,45,8,778,2,1,1,60676.69125544338,1
722,37,1,2315,1,0,0,93307.63787993038,0
723,45,8,7,3,0,0,50591.5640478228,0
724,25,5,475,3,0,1,50095.169342158624,1
725,58,2,1320,2,1,0,85511.22565261836,0
726,56,2,2211,2,0,0,33992.15654032301,1
727,18,6,484,1,0,0,44626.569903872456,1
728,20,9,904,3,1,0,79903.3607289537,0
729,30,1,558,1,1,0,37575.58910495597,0
730,45,6,1967,1,0,0,77610.60677466352,1
731,66,9,2285,2,1,1,86880.75191381341,1
732,42,8,1127,3,0,0,84151.99368877373,0
733,50,6,1233,3,1,1,134300.98288837046,1
734,55,3,467,3,0,1,93607.4946062079,0
735,23,8,2433,2,0,0,86157.6554973652,0
736,61,9,847,2,0,1,79285.10944699994,1
737,62,1,2434,2,0,1,128114.80539653834,0
738,49,9,258,2,1,0,137406.79247997998,1
739,62,6,282,2,1,0,132389.0963036541,0
740,64,6,1649,3,1,0,110825.5893757669,0
741,38,4,1898,1,1,1,46483.40951624091,0
742,33,1,39,3,0,1,63224.39633904147,0
743,38,8,2267,1,0,0,35527.56764183729,0
744,28,2,1014,2,1,0,141698.8889988137,0
745,54,1,612,1,1,1,109295.82356290924,0
746,53,2,1915,3,1,1,119563.54611758898,0
747,52,1,687,3,1,1,67388.60874986748,0
748,36,1,612,1,1,1,131478.42267328108,1
749,37,9,2307,2,0,0,61152.39404501743,0
750,35,1,2413,2,0,1,30197.250853493962,0
751,64,4,1781,3,0,1,75169.79550248328,0
752,58,6,1810,1,1,1,98491.3777150888,0
753,66,7,1547,2,1,1,87444.5829558627,0
754,31,2,1930,2,1,0,133449.13710919165,0
755,32,6,1152,3,1,0,42648.63431474003,0
756,48,7,574,2,0,1,96458.81287604707,0
757,18,2,1910,1,0,1,91557.52197850888,1
758,20,2,1012,3,1,0,63767.157860659565,0
759,33,7,669,3,0,0,128667.37350924127,0
760,40,1,268,1,0,1,120341.83870586475,0
761,28,8,1283,3,1,1,117943.10247981972,0
762,29,3,923,2,1,0,135143.0973923467,0
763,27,6,1125,2,1,0,116734.15207458254,0
764,49,9,1529,1,1,0,57820.95500576717,0
765,33,6,1758,2,1,0,114667.52539796293,0
766,25,9,1594,1,1,0,66924.33760678126,0
767,55,7,246,1,0,0,59060.95804169646,0
768,29,9,1560,2,0,1,38760.43114795528,0
769,41,2,2178,1,1,0,119283.4296417212,0
770,45,8,2400,2,0,0,115320.11543397735,0
771,25,8,2243,3,1,0,58139.937320891244,0
772,45,2,1939,3,1,0,119925.48200689872,0
773,53,4,929,1,1,1,140140.90597122637,0
774,43,7,226,2,1,1,42963.47489898951,0
775,25,4,264,2,0,0,57916.39660641299,0
776,67,4,1395,3,1,1,120031.29529047786,0
777,45,6,1457,3,0,1,62940.80082084939,0
778,45,6,645,2,1,1,104959.67691404601,0
779,54,3,2258,1,1,1,39739.70693564574,0
780,58,9,1418,3,1,1,84264.29749242464,0
781,53,2,1473,1,0,1,118690.97063915437,1
782,44,6,1387,1,1,0,112381.67316519031,0
783,34,7,1899,3,1,0,127808.65208109682,0
784,26,9,1249,1,1,0,135294.25519238028,1
785,50,3,981,1,0,0,122782.020151051,1
786,37,3,1154,2,0,0,110590.52915267112,0
787,30,7,587,1,0,1,33806.69901792374,0
788,45,4,475,2,1,0,94196.00080913329,0
789,65,8,1821,3,0,0,34523.726989782335,0
790,46,7,985,3,1,1,126968.13805392271,0
791,30,5,2203,2,0,1,68486.94293519491,0
792,63,7,1241,3,0,0,97491.52489415051,0
793,52,3,189,1,1,1,63533.436878268316,1
794,23,2,1440,1,0,1,123900.01732563523,1
795,35,6,980,1,1,1,136380.3031970283,0
796,68,2,1698,3,1,1,77837.09930556768,0
797,22,3,1715,1,0,0,133550.68722131866,0
798,64,6,40,3,1,1,62049.00089475988,1
799,42,5,2354,1,1,0,94159.31076906287,0
800,19,8,942,2,0,0,133051.37158064448,0
801,27,9,337,3,0,1,69105.76111389484,0
802,47,3,1337,3,1,1,144485.0718093703,0
803,67,3,1098,1,0,1,44625.540213766035,0
804,62,3,2326,3,1,0,32193.008366820748,0
805,22,6,895,3,1,1,138496.24230938288,0
806,50,1,2320,2,0,1,38237.83993774467,0
807,18,7,1674,2,0,1,149026.703513699,0
808,35,1,930,1,0,1,144167.62343749273,0
809,49,5,288,2,0,1,46442.50920435848,1
810,64,8,723,1,1,0,94510.15508310791,1
811,66,4,2319,1,1,1,52190.43569605732,1
812,28,5,1953,1,0,1,81378.62076361438,1
813,38,4,1089,3,0,1,37371.015511179925,0
814,43,4,482,2,1,0,56870.950535590746,0
815,42,8,935,1,1,1,73592.73556786795,0
816,39,2,2295,2,1,0,82637.70002952658,1
817,44,1,155,1,1,0,147299.55098506718,0
818,66,3,1070,2,0,1,126943.87748207775,0
819,30,9,1958,2,1,1,118489.19331743354,1
820,50,4,2248,1,1,1,94444.9577690369,0
821,51,5,1683,3,0,0,130799.73127252121,0
822,58,2,123,2,1,0,70718.74027868532,0
823,52,4,2048,3,1,0,115067.89353279793,0
824,18,2,967,3,0,0,149254.07704538066,0
825,38,2,854,1,0,0,67755.46907222384,0
826,65,4,639,1,0,0,110882.10418607607,0
827,23,6,2238,1,1,1,131317.78369828587,1
828,45,7,1602,2,1,1,139896.91000208067,0
829,34,3,441,1,0,0,116151.92291281222,0
830,22,3,1944,1,0,1,64032.95081005635,0
831,48,6,1838,2,1,1,69153.85818827357,0
832,22,3,1829,2,0,0,32490.963854875707,0
833,55,2,2190,1,0,0,121306.31732058116,0
834,20,8,532,1,0,1,35128.75272743416,0
835,40,5,2274,1,1,0,133758.28255232947,0
836,54,1,1336,1,1,0,44239.273736944655,0
837,54,3,948,3,1,1,50625.18145631091,0
838,27,8,2019,3,1,0,87183.17649986848,0
839,27,4,459,1,1,1,118545.64982024908,0
840,36,7,550,3,1,1,46680.26462388932,0
841,34,2,392,2,0,1,82808.52900797981,1
842,38,7,1787,3,1,1,87942.15292921258,0
843,31,5,844,3,1,1,55474.277000230955,0
844,26,5,2257,1,0,0,43867.00520167581,0
845,63,6,1138,3,1,0,130370.51075827674,0
846,18,9,645,3,1,0,90295.87797153187,0
847,68,6,2266,3,0,0,31725.748318098358,0
848,62,8,2454,3,0,1,126357.75615709246,0
849,30,7,1466,2,0,1,147695.25664975017,0
850,21,9,1377,1,1,0,102711.14344970968,0
851,18,4,141,1,0,1,90445.00645008849,0
852,66,2,500,2,1,0,135409.9035653954,0
853,57,7,839,3,1,0,144302.01476215184,0
854,49,6,1682,2,1,0,120544.42990829526,1
855,51,1,1565,3,1,1,83454.35156811454,0
856,45,9,2046,2,0,1,101066.56791977286,0
857,48,9,1530,1,0,1,114112.24380215991,0
858,25,2,595,1,1,1,53312.82852021617,0
859,56,3,1904,1,0,0,83664.12386597256,0
860,43,5,280,3,1,1,129578.5517660742,0
861,51,5,423,3,1,1,108567.04181981317,0
862,20,1,269,2,1,1,79344.48806542248,0
863,67,8,153,2,0,0,109603.50408176177,1
864,29,8,1750,1,1,0,44186.689448695186,0
865,18,4,661,3,1,1,78179.71326778515,0
866,61,7,1967,2,0,1,125175.42455556676,1
867,22,3,82,3,0,1,56461.05445639776,1
868,47,6,1449,3,0,1,52315.380906890125,0
869,47,9,1298,1,0,0,144098.23918997176,0
870,34,1,2331,1,1,1,55187.71555034768,1
871,65,5,979,3,0,1,61310.22955802017,0
872,64,4,2220,3,1,1,146353.91266852056,0
873,40,8,1659,3,0,0,118165.02843180308,0
874,32,1,1398,3,0,0,113951.58396282338,0
875,54,9,632,1,0,1,132351.16606254975,0
876,38,6,1531,2,0,1,43898.769868415315,0
877,31,4,786,1,0,1,114714.74838960086,0
878,19,9,397,2,0,1,90442.63311938866,0
879,28,5,1143,3,1,1,129498.07683409679,0
880,68,5,933,2,0,0,90977.00623982333,1
881,56,5,1460,1,0,0,104428.96251226946,1
882,55,1,1852,1,0,0,87329.05516794432,0
883,51,1,285,3,0,1,87379.0708267013,0
884,55,8,264,1,1,0,122156.39736741979,0
885,67,8,2367,3,0,0,105427.96807767398,0
886,51,6,2136,1,0,0,105991.58419312925,0
887,35,4,1677,1,0,1,84033.8980597831,0
888,47,2,1226,3,0,1,93733.1395605033,1
889,32,2,820,2,1,0,119486.11994457447,0
890,44,9,1762,1,0,1,129112.91029343019,0
891,68,5,2381,2,1,0,113587.36825728553,0
892,51,4,2269,1,0,0,140888.75866148196,0
893,69,1,40,1,1,0,128438.8905776641,0
894,55,7,1731,1,1,0,97423.65477714222,0
895,50,3,67,1,0,1,110568.72871724842,0
896,41,6,987,2,0,1,141156.9932305435,1
897,32,5,1799,2,1,1,104300.165309167,0
898,47,5,1621,1,1,1,128976.83375757968,1
899,59,5,1655,1,0,0,112657.26043079844,0
900,68,1,1278,2,1,1,96232.36332725598,0
901,34,1,694,3,1,0,59020.58344984238,0
902,22,3,1085,3,1,1,81119.70233621137,0
903,46,4,2479,2,0,1,146129.1389800459,0
904,21,5,1693,1,1,1,108931.845992712,0
905,27,2,2315,1,1,0,97727.44564067875,0
906,34,8,1058,3,1,0,141954.79506338728,0
907,27,2,778,3,0,0,100381.41372449385,0
908,34,9,493,2,0,0,93129.90221008836,0
909,37,2,1585,3,1,1,121117.30261802462,0
910,41,9,1492,2,0,0,115519.87427838534,0
911,22,7,1790,3,1,0,53179.20100901193,0
912,51,8,660,3,0,1,86556.99294889453,1
913,23,2,1348,3,0,1,86701.85313835023,0
914,19,7,1327,1,1,0,75386.94182920137,0
915,30,6,1299,1,0,1,92075.21785827038,0
916,60,4,1986,1,0,0,79572.8877272573,0
917,60,7,2044,3,0,1,53921.45873654197,0
918,65,4,1928,2,1,0,79483.97847296172,1
919,28,2,1347,2,0,0,38673.23370878119,1
920,68,7,1058,2,0,0,99094.30353292939,0
921,64,8,976,2,1,0,132438.54587293344,0
922,40,2,481,1,0,0,117034.45012254662,0
923,33,5,727,1,0,1,73247.28480649335,0
924,48,1,1031,3,0,0,40448.544669276984,0
925,28,7,342,3,0,0,54257.92790703249,0
926,33,8,1447,2,0,0,95458.84085938029,0
927,25,6,2379,1,1,0,54846.85000596395,1
928,21,5,2485,2,1,0,95276.7733541961,0
929,57,6,2221,3,0,1,57791.882971667874,0
930,21,2,526,3,0,1,131870.86433712873,1
931,42,1,1896,2,0,0,77672.57674085518,0
932,20,7,658,3,1,1,59466.07511333893,1
933,49,7,2073,2,1,0,127479.14162964739,0
934,20,2,819,1,0,1,71140.6757766541,0
935,44,2,405,2,0,1,43378.52254065383,1
936,46,1,2279,1,1,0,98449.138968437,0
937,49,8,1573,1,0,1,99787.70453255865,0
938,67,8,1811,3,1,1,115763.48102828811,0
939,68,1,504,3,1,0,58826.33198500627,0
940,36,8,178,3,0,0,83252.5606910694,0
941,38,9,131,2,1,1,63884.15028511875,1
942,22,4,1846,2,0,1,39714.448333882574,1
943,35,1,1478,3,0,1,135193.659241907,1
944,45,1,2395,2,0,0,117464.37653860093,0
945,59,3,771,3,0,1,66175.56713505607,0
946,39,5,1429,2,0,1,101924.75914463836,0
947,38,5,2123,1,0,1,54151.65457613669,1
948,23,9,578,1,1,0,136828.3946154925,0
949,18,2,1515,3,1,0,43788.76120342924,0
950,22,2,193,2,1,0,30460.457460936108,0
951,58,6,2007,2,1,0,90240.98372870186,0
952,29,9,1185,1,0,1,99975.33881434432,0
953,43,1,2394,1,1,0,99475.83843549652,1
954,63,9,1384,3,1,1,36541.43129253916,1
955,51,9,1792,1,1,1,67685.2568302119,0
956,66,9,1110,3,0,1,89903.87362095981,0
957,31,5,2261,1,1,1,55989.502275268904,1
958,43,9,1936,1,0,0,134715.10625830758,0
959,62,4,779,2,1,0,40453.11473537209,0
960,44,2,261,1,0,0,88486.13300064515,0
961,26,6,729,1,0,0,112969.92690157825,0
962,43,4,282,3,1,0,61410.1320161379,0
963,64,6,1490,1,0,1,104908.88843970218,0
964,39,3,361,3,0,0,129526.21801708495,0
965,64,6,440,1,1,0,52840.43701140571,0
966,47,2,2140,1,1,0,140066.47101898352,1
967,60,2,1644,3,1,0,96427.02391948296,1
968,65,9,866,2,0,1,65907.84051612727,1
969,34,7,1447,3,0,1,81702.99304587248,0
970,43,3,141,3,0,1,67463.02605436655,0
971,53,1,1314,3,1,1,117013.33919199793,0
972,18,8,1455,2,0,1,125556.07960981586,1
973,25,6,1875,1,0,0,129952.48707823933,0
974,66,7,1847,3,0,1,148292.18995028894,0
975,52,9,1712,3,0,1,124954.11509960203,0
976,69,5,700,2,0,1,102166.0884826276,0
977,32,1,997,3,0,0,70706.43580701406,0
978,64,7,2096,1,0,0,95351.45384528993,1
979,39,5,1325,2,1,1,34928.18073484865,1
980,31,3,880,1,1,0,119379.00906358956,0
981,43,9,1213,1,1,0,83514.6654110522,1
982,45,1,1159,2,0,1,32402.787567862513,0
983,40,1,554,3,0,0,37500.832981249296,0
984,31,1,403,1,1,0,76495.9756586108,0
985,41,3,891,1,0,0,100010.58228221221,0
986,19,6,601,1,1,1,85704.4738742552,0
987,62,3,1830,1,0,1,104304.51807505859,1
988,43,8,340,2,0,1,87635.31105496269,0
989,31,2,1968,2,1,0,109404.46145776162,0
990,68,9,703,1,1,1,56295.12776049611,0
991,24,3,317,3,1,0,43541.18246203457,1
992,20,5,1386,1,1,0,101572.07455507919,0
993,64,8,2429,3,1,0,88162.7420323569,0
994,40,2,2280,1,0,1,33224.11848539224,0
995,63,6,1800,3,0,1,75657.8262591643,0
996,60,5,1367,1,0,1,42735.070258919455,0
997,64,9,1572,3,1,1,93762.81981032342,0
998,62,5,816,1,1,0,77493.3215592517,0
999,35,2,552,1,1,1,103578.22933236216,0
1000,55,5,855,3,1,0,126672.2662524286,1
